,train loss,val loss,train unstack_acc,val unstack_acc,train IoU,val IoU
1,253.48239135742188,246.02784729003906,0.9214513897895813,0.9300537109375,0.5518343448638916,0.4390087127685547
2,215.4987030029297,328.63922119140625,0.9379908442497253,0.8876285552978516,0.6108167171478271,0.4063471555709839
3,228.620361328125,286.7359313964844,0.9312337040901184,0.9058361053466797,0.5744096636772156,0.4701817035675049
4,222.576904296875,278.22613525390625,0.9350335001945496,0.9177894592285156,0.5596826672554016,0.6182860136032104
5,198.8488311767578,403.4507141113281,0.9467340111732483,0.8651371002197266,0.5884626507759094,0.40741702914237976
